BUSINESS_UNIT;TREE_NODE;AJ_TIPO_LOCA_ID;AJ_DESCR150;TREE_NODE_NUM;PARENT_NODE_NUM
AJM01;ESPTF04             ;LINEA;LINEA DE TERMOFORMADO 4;353255761;226583241
AJM01;ESPTF04-DE01        ;PADRE;DESEMBOBINADOR ;354147821;353255761
AJM01;ESPTF04-DE01ME01    ;HIJO N1;MOTOR  DESEMBOBINADOR;355039881;354147821
AJM01;ESPTF04-DE01RD01    ;HIJO N1;REDUCTOR  DESEMBOBINADOR;355931941;354147821
AJM01;ESPTF04-FM01        ;PADRE;FORMADORA ;356824001;353255761
AJM01;ESPTF04-FM01BV01    ;HIJO N1;BOMBA DE VACIO  FORMADORA;357716061;356824001
AJM01;ESPTF04-FM01BV01ME01;HIJO N2;MOTOR B. VACIO FORMADORA;358608121;357716061
AJM01;ESPTF04-FM01ME01    ;HIJO N1;MOTOR 1 PLACA SUP E INF FORMADORA;359500181;356824001
AJM01;ESPTF04-FM01ME02;HIJO N1;MOTOR 2 PLACA SUP E INF FORMADORA;360392241;356824001
AJM01;ESPTF04-FM01ME03;HIJO N1;MOTOR DE LA CADENA TRANS LAMINA ;360838271;356824001
AJM01;ESPTF04-FM01RD01    ;HIJO N1;REDUCTOR 1 PLACA SUP E INF FORMADORA;361284301;356824001
AJM01;ESPTF04-FM01RD02    ;HIJO N1;REDUCTOR 2 PLACA SUP E INF FORMADORA;362176361;356824001
AJM01;ESPTF04-FM01SR01    ;HIJO N1;CIRCUITO DE AGUA MOKON MOKON FORMADORA;363068421;356824001
AJM01;ESPTF04-FM01SR01BG01;HIJO N2;BOMBA 1 MOKON FORMADORA;363960481;363068421
AJM01;ESPTF04-FM01SR01BG02;HIJO N2;BOMBA 2 MOKON FORMADORA;365744601;363068421
AJM01;ESPTF04-FM01SR01ME01;HIJO N2;MOTOR 1 MOKON FORMADORA;364852541;363068421
AJM01;ESPTF04-FM01SR01ME02;HIJO N2;MOTOR 2 MOKON FORMADORA;366636661;363068421
AJM01;ESPTF04-FM01SR01TE01;HIJO N2;CAJA DE CONEXIONES MOKON FORMADORA;367082691;363068421
AJM01;ESPTF04-FM01SR01TE02;HIJO N2;CAJA DE CONEXIONES MOKON FORMADORA;367305706;363068421
AJM01;ESPTF04-FM01TE01;HIJO N1;CAJA DE PASO ARRANQUE Y PARADA TRANS LAMINA ;357270031;356824001
AJM01;ESPTF04-FM01TE02;HIJO N1;CAJA DE CONEXIONES IZQ TRANS LAMINA ;357047016;356824001
AJM01;ESPTF04-FM01TE03;HIJO N1;CAJA DE CONEXIONES DER TRANS LAMINA ;356935508;356824001
AJM01;ESPTF04-HF01        ;PADRE;HORNO ELECTRICO HORNO;367528721;353255761
AJM01;ESPTF04-ML01;PADRE;MOLINO ;369312841;353255761
AJM01;ESPTF04-ML01ME01;HIJO N1;MOTOR  MOLINO;370204901;369312841
AJM01;ESPTF04-ML01RD01;HIJO N1;REDUCTOR  MOLINO;371989021;369312841
AJM01;ESPTF04-TB01;PADRE;TABLET ;384923891;353255761
AJM01;ESPTF04-TE01;PADRE;TABLERO FUERZA ;374665201;353255761
AJM01;ESPTF04-TE01AA01;HIJO N1;AIRE ACONDICIONADO  TABLERO DE FUERZA;375557261;374665201
AJM01;ESPTF04-TE02;PADRE;MICROPHASER ;376003291;353255761
AJM01;ESPTF04-TE02AA01;HIJO N1;AIRE ACONDICIONADO MICROPHASER  ;376226306;376003291
AJM01;ESPTF04-TQ01;PADRE;TROQUELADORA ;378233441;353255761
AJM01;ESPTF04-TQ01ME01    ;HIJO N1;MOTOR CANOPY TROQUELADORA;379125501;378233441
AJM01;ESPTF04-TQ01ME02    ;HIJO N1;MOTOR TROQUEL TROQUELADORA;380017561;378233441
AJM01;ESPTF04-TQ01ME03    ;HIJO N1;MOTOR SERVOPICK TROQUELADORA;380909621;378233441
AJM01;ESPTF04-TQ01RD01;HIJO N1;REDUCTOR CANOPY TROQUELADORA;381801681;378233441
AJM01;ESPTF04-TQ01RD02;HIJO N1;REDUCTOR TROQUEL TROQUELADORA;382247711;378233441
AJM01;ESPTF04-TQ01RD03    ;HIJO N1;REDUCTOR DEL TROQUEL;382693741;378233441
AJM01;ESPTF04-TQ01TE01    ;HIJO N1;TABLERO DE FUERZA Ç  TROQUELADORA;383585801;378233441
AJM01;ESPTF04-TQ01TP01;HIJO N1;PANEL DE PULSADORES  TROQUELADORA;384477861;378233441
AJM01;ESPTF05             ;LINEA;LINEA DE TERMOFORMADO 5;385369921;226583241
AJM01;ESPTF05-DE01        ;PADRE;DESEMBOBINADOR ;386261981;385369921
AJM01;ESPTF05-DE01ME01    ;HIJO N1;MOTOR DESEMBOBINADOR;387154041;386261981
AJM01;ESPTF05-DE01RD01    ;HIJO N1;REDUCTOR DESEMBOBINADOR;388046101;386261981
AJM01;ESPTF05-FM01        ;PADRE;FORMADORA ;388938161;385369921
AJM01;ESPTF05-FM01BV01    ;HIJO N1;BOMBA DE VACIO FORMADORA;389830221;388938161
AJM01;ESPTF05-FM01BV01ME01;HIJO N2;MOTOR BOMBA DE VACIO FORMADORA;390722281;389830221
AJM01;ESPTF05-FM01ME01    ;HIJO N1;MOTOR MOLDE SUPERIOR FORMADORA;391614341;388938161
AJM01;ESPTF05-FM01ME02;HIJO N1;MOTOR MOLDE INFERIOR FORMADORA;392506401;388938161
AJM01;ESPTF05-FM01ME03;HIJO N1;MOTOR DE LA CADENA TRANS LAMINA FORMADORA;392952431;388938161
AJM01;ESPTF05-FM01RD01    ;HIJO N1;REDUCTOR MOLDE FORMADORA;393398461;388938161
AJM01;ESPTF05-FM01RD02    ;HIJO N1;REDUCTOR MOLDE FORMADORA;394290521;388938161
AJM01;ESPTF05-FM01SR01;HIJO N1;CIRCUITO DE AGUA MOKON FORMADORA;395182581;388938161
AJM01;ESPTF05-FM01SR01BG01;HIJO N2;BOMBA IZQUIERDA MOKON FORMADORA;396074641;395182581
AJM01;ESPTF05-FM01SR01BG02;HIJO N2;BOMBA DERECHA MOKON FORMADORA;396966701;395182581
AJM01;ESPTF05-FM01SR01ME01;HIJO N2;MOTOR MOKON FORMADORA;397858761;395182581
AJM01;ESPTF05-FM01SR01ME02;HIJO N2;MOTOR MOKON FORMADORA;398750821;395182581
AJM01;ESPTF05-FM01SR01TE01;HIJO N2;CAJA DE CONEXIONES MOKON FORMADORA;399196851;395182581
AJM01;ESPTF05-FM01SR01TE02;HIJO N2;CAJA DE CONEXIONES MOKON FORMADORA;399419866;395182581
AJM01;ESPTF05-FM01TE01;HIJO N1;CAJA DE PASO ARRANQUE Y PARADA TRANS LAMINA FORMADORA;399531373;388938161
AJM01;ESPTF05-FM01TE02;HIJO N1;CAJA DE CONEXIONES IZQ TRANS LAMINA FORMADORA;399587127;388938161
AJM01;ESPTF05-FM01TE03;HIJO N1;CAJA DE CONEXIONES DER TRANS LAMINA FORMADORA;399615004;388938161
AJM01;ESPTF05-HF01        ;PADRE;HORNO ELECTRICO ;399642881;385369921
AJM01;ESPTF05-ML01;PADRE;MOLINO ;401427001;385369921
AJM01;ESPTF05-ML01ME01    ;HIJO N1;MOTOR MOLINO;402319061;401427001
AJM01;ESPTF05-ML01ME02    ;HIJO N1;MOTOR DEL BLOWER MOLINO;403211121;401427001
AJM01;ESPTF05-ML01RD01;HIJO N1;REDUCTOR DEL MOLINO;404103181;401427001
AJM01;ESPTF05-TB01;PADRE;TABLET ;406333331;385369921
AJM01;ESPTF05-TE01;PADRE;TABLERO FUERZA ;406779361;385369921
AJM01;ESPTF05-TE01AA01;HIJO N1;AIRE ACONDICIONADO TABLERO ELECTRICO;407671421;406779361
AJM01;ESPTF05-TE02;PADRE;MICROPHASER ;408117451;385369921
AJM01;ESPTF05-TE02AA01;HIJO N1;AIRE ACOND MICROPHASER CTRL ELE FOR;409232526;408117451
AJM01;ESPTF05-TQ01        ;PADRE;TROQUELADORA ;410347601;385369921
AJM01;ESPTF05-TQ01ME01    ;HIJO N1;MOTOR CANOPY TROQUELADORA;411239661;410347601
AJM01;ESPTF05-TQ01ME02    ;HIJO N1;MOTOR TROQUEL TROQUELADORA;412131721;410347601
AJM01;ESPTF05-TQ01ME03    ;HIJO N1;MOTOR SERVOPICK TROQUELADORA;413023781;410347601
AJM01;ESPTF05-TQ01RD01    ;HIJO N1;REDUCTOR CANOPY TROQUELADORA;413915841;410347601
AJM01;ESPTF05-TQ01RD03    ;HIJO N1;REDUCTOR TROQUEL TROQUELADORA;414807901;410347601
AJM01;ESPTF05-TQ01TE01;HIJO N1;TABLERO DE FUERZA TROQUELADORA;415699961;410347601
AJM01;ESPTF05-TQ01TE02;HIJO N1;PANEL DE PULSADORES TROQUELADORA;416145991;410347601
AJM01;ESPTF06             ;LINEA;LINEA DE TERMOFORMADO 6;417484081;226583241
AJM01;ESPTF06-DE01        ;PADRE;DESEMBOBINADOR ;418376141;417484081
AJM01;ESPTF06-DE01ME01    ;HIJO N1;MOTOR DESEMBOBINADOR;419268201;418376141
AJM01;ESPTF06-DE01RD01    ;HIJO N1;REDUCTOR DESEMBOBINADOR;420160261;418376141
AJM01;ESPTF06-GL01        ;PADRE;GUILLOTINA ;421052321;417484081
AJM01;ESPTF06-HF01        ;PADRE;HORNO ELECTRICO ;421944381;417484081
AJM01;ESPTF06-HF01ME01    ;HIJO N1;MOTOR DE LA CADENA TRANS LAMINA HORNO;422836441;421944381
AJM01;ESPTF06-HF01RD01;HIJO N1;REDUCTOR DE LA CADENA TRANS LAMINA HORNO;423728501;421944381
AJM01;ESPTF06-HF01TE01;HIJO N1;TABLERO ELECTRICO HORNO;424174531;421944381
AJM01;ESPTF06-HF01TE02;HIJO N1;TABLERO TRANS LAMINA HORNO;424397546;421944381
AJM01;ESPTF06-SP01;PADRE;SELLADORA VERTICAL ;424620561;417484081
AJM01;ESPTF06-SP01TE01;HIJO N1;CAJA DE CONEXIONES SELLADORA VERTICAL;425512621;424620561
AJM01;ESPTF06-TB01;PADRE;TABLET ;425958651;417484081
AJM01;ESPTF06-TE01;PADRE;TABLERO PRINCIPAL ;426404681;417484081
AJM01;ESPTF06-TE01AA01;HIJO N1;AIRE ACONDICIONADO TABLERO PRINCIPAL;426850711;426404681
AJM01;ESPTF06-TQ01        ;PADRE;TROQUELADORA ;428188801;417484081
AJM01;ESPTF06-TQ01SH01;HIJO N1;SISTEM HIDRA TROQUEL;428634831;428188801
AJM01;ESPTF06-TQ01SN01;HIJO N1;SISTEM NEUM TROQUEL;428857846;428188801
AJM01;ESPTF07             ;LINEA;LINEA DE TERMOFORMADO 7;429080861;226583241
AJM01;ESPTF07-DE01        ;PADRE;DESEMBOBINADOR ;429972921;429080861
AJM01;ESPTF07-DE01ME01    ;HIJO N1;MOTOR DESEMBOBINADOR;430864981;429972921
AJM01;ESPTF07-DE01RD01    ;HIJO N1;REDUCTOR DESEMBOBINADOR;431757041;429972921
AJM01;ESPTF07-GL01        ;PADRE;GUILLOTINA ;432649101;429080861
AJM01;ESPTF07-HF01;PADRE;HORNO ELECTRICO ;433541161;429080861
AJM01;ESPTF07-HF01ME01    ;HIJO N1;MOTOR DE LA CADENA TRANS LAMINA HORNO;434433221;433541161
AJM01;ESPTF07-HF01RD01;HIJO N1;REDUCTOR DE LA CADENA TRANS LAMINA HORNO;435325281;433541161
AJM01;ESPTF07-HF01TE01;HIJO N1;TABLERO ELECTRICO HORNO;435771311;433541161
AJM01;ESPTF07-HF01TE02;HIJO N1;TABLERO TRANS LAMINA HORNO;435994326;433541161
AJM01;ESPTF07-TB01;PADRE;TABLET ;436105833;429080861
AJM01;ESPTF07-TE01;PADRE;TABLERO PRINCIPAL ;436217341;429080861
AJM01;ESPTF07-TE01AA01;HIJO N1;AIRE ACONDICIONADO TABLERO PRINCIPAL;436663371;436217341
AJM01;ESPTF07-TQ01        ;PADRE;TROQUELADORA ;438001461;429080861
AJM01;ESPTF07-TQ01SH01;HIJO N1;SISTEM HIDRA TROQUEL;438447491;438001461
AJM01;ESPTF07-TQ01SH01BP01;HIJO N2;BOMBA HIDRA SISTEM HIDRA;438670506;438447491
AJM01;ESPTF07-TQ01SH01BW01;HIJO N2;BLOWER SISTEM HIDRA;438782013;438447491
AJM01;ESPTF07-TQ01SH01IC01;HIJO N2;INTERCAMBIADOR SISTEM HIDRA;438837767;438447491
AJM01;ESPTF10             ;LINEA;LINEA DE TERMOFORMADO 10;438893521;226583241
AJM01;ESPTF10-DE01        ;PADRE;DESEMBOBINADOR ;439785581;438893521
AJM01;ESPTF10-DE01ME01    ;HIJO N1;MOTOR DESEMBOBINADOR;440677641;439785581
AJM01;ESPTF10-DE01RD01    ;HIJO N1;REDUCTOR DESEMBOBINADOR;441569701;439785581
AJM01;ESPTF10-EX01        ;PADRE;EXTRUSORA WELEX;442461761;438893521
AJM01;ESPTF10-EX01BG01    ;HIJO N1;BOMBA REFRIGERACION-EXTRUSORA;443353821;442461761
AJM01;ESPTF10-EX01BG01ME01;HIJO N2;MOTOR DE LA BOMBA - EXTRUSORA;444245881;443353821
AJM01;ESPTF10-EX01ME01    ;HIJO N1;MOTOR PRINCIPAL - EXTRUSORA;445137941;442461761
AJM01;ESPTF10-EX01ME01ME01;HIJO N2;BLOWER DEL MOTOR PRINCIPAL;446030001;445137941
AJM01;ESPTF10-EX01ME02    ;HIJO N1;MOTOR DE TRACCION PLATAFORMA;446922061;442461761
AJM01;ESPTF10-EX01RD01    ;HIJO N1;CAJA DE REDUCCION - EXTRUSORA;447814121;442461761
AJM01;ESPTF10-EX01RD02    ;HIJO N1;REDUCTOR 1(PIÑON)-TRACCION;448706181;442461761
AJM01;ESPTF10-EX01RD03    ;HIJO N1;REDUCTOR 2 (MOTOR)-TRACCION;449598241;442461761
AJM01;ESPTF10-EX01TE01    ;HIJO N1;TABLERO FUERZA (DRIVE MOTOR);450490301;442461761
AJM01;ESPTF10-EX01TE02    ;HIJO N1;TABLERO CONEX. MOLDE EXTRUSION;451382361;442461761
AJM01;ESPTF10-EX01TP01    ;HIJO N1;PANEL CNTRL/DISPLAY-EXTRUSORA;452274421;442461761
AJM01;ESPTF10-FM01        ;PADRE;FORMADORA ;453166481;438893521
AJM01;ESPTF10-FM01BV01    ;HIJO N1;BOMBA DE VACIO FORMADORA;454058541;453166481
AJM01;ESPTF10-FM01BV01ME01;HIJO N2;MOTOR BOMBA DE VACIO FORMADORA;454950601;454058541
AJM01;ESPTF10-FM01ME01    ;HIJO N1;MOTOR MOLDE SUPERIOR FORMADORA;455842661;453166481
AJM01;ESPTF10-FM01ME02;HIJO N1;MOTOR MOLDE INFERIOR FORMADORA;456734721;453166481
AJM01;ESPTF10-FM01ME03;HIJO N1;MOTOR DE LA CADENA TRANS LAMINA FORMADORA;457180751;453166481
AJM01;ESPTF10-FM01RD01    ;HIJO N1;REDUCTOR MOLDE FORMADORA;457626781;453166481
AJM01;ESPTF10-FM01RD02    ;HIJO N1;REDUCTOR MOLDE FORMADORA;458518841;453166481
AJM01;ESPTF10-FM01SR01;HIJO N1;CIRCUITO DE AGUA MOKON FORMADORA;459410901;453166481
AJM01;ESPTF10-FM01SR01BG01;HIJO N2;BOMBA MOKON FORMADORA;460302961;459410901
AJM01;ESPTF10-FM01SR01BG02;HIJO N2;BOMBA MOKON FORMADORA;461195021;459410901
AJM01;ESPTF10-FM01SR01ME01;HIJO N2;MOTOR BOMBA MOKON FORMADORA;462087081;459410901
AJM01;ESPTF10-FM01SR01ME02;HIJO N2;MOTOR BOMBA MOKON FORMADORA;462979141;459410901
AJM01;ESPTF10-FM01SR01TE01;HIJO N2;CAJA DE CONEXIONES MOKON FORMADORA;463425171;459410901
AJM01;ESPTF10-FM01SR01TE02;HIJO N2;CAJA DE CONEXIONES MOKON FORMADORA;463648186;459410901
AJM01;ESPTF10-FM01TE01;HIJO N1;CAJA DE PASO ARRANQUE Y PARADA TRANS LAMINA FORMADORA;463759693;453166481
AJM01;ESPTF10-FM01TE02;HIJO N1;CAJA DE CONEXIONES IZQ TRANS LAMINA FORMADORA;463815447;453166481
AJM01;ESPTF10-FM01TE03;HIJO N1;CAJA DE CONEXIONES DER TRANS LAMINA FORMADORA;463843324;453166481
AJM01;ESPTF10-HF01        ;PADRE;HORNO ELECTRICO ;463871201;438893521
AJM01;ESPTF10-ML01        ;PADRE;MOLINO ;465655321;438893521
AJM01;ESPTF10-ML01ME01    ;HIJO N1;MOTOR MOLINO;466547381;465655321
AJM01;ESPTF10-ML01ME02    ;HIJO N1;MOTOR DEL BLOWER MOLINO;467439441;465655321
AJM01;ESPTF10-ML01RD01    ;HIJO N1;REDUCTOR MOLINO;468331501;465655321
AJM01;ESPTF10-MX01        ;PADRE;MOLDE DE EXTRUSION-EXTRUSORA;469223561;438893521
AJM01;ESPTF10-RH01        ;PADRE;RODILLOS HALADORES;470115621;438893521
AJM01;ESPTF10-RH01ME01    ;HIJO N1;MOTOR RODILLOS HALADORES;471007681;470115621
AJM01;ESPTF10-RH01ME02    ;HIJO N1;MOTOR DE TRACCION;471899741;470115621
AJM01;ESPTF10-RH01RD01    ;HIJO N1;REDUCTOR DE LOS RODILLOS;472791801;470115621
AJM01;ESPTF10-RL01        ;PADRE;RODILLOS LAMINADORES;473683861;438893521
AJM01;ESPTF10-RL01ME01    ;HIJO N1;MOTOR ACCIONAMIENTO-RODILLOS;474575921;473683861
AJM01;ESPTF10-RL01ME02    ;HIJO N1;MOTOR TRACCION (PIÑON-CADENA);475467981;473683861
AJM01;ESPTF10-RL01RD01    ;HIJO N1;REDUCTOR ACCIONAMIENTO-RODILLO;476360041;473683861
AJM01;ESPTF10-RL01RD02    ;HIJO N1;REDUC. TRACCION (PIÑON-CADENA);477252101;473683861
AJM01;ESPTF10-RL01SH01    ;HIJO N1;SISTEMA HIDRAULICO-RODILLOS;478144161;473683861
AJM01;ESPTF10-RL01SH01BH01;HIJO N2;BOMBA HIDRAULICA;479036221;478144161
AJM01;ESPTF10-RL01SH01ME01;HIJO N2;MOTOR BOMBA HIDRAULICA;479928281;478144161
AJM01;ESPTF10-RL01SR01    ;HIJO N1;SISTEMA REFRIGERACIÓN RODILLOS;480820341;473683861
AJM01;ESPTF10-RL01SR01BG01;HIJO N2;BOMBA RODILLO SUPERIOR;481712401;480820341
AJM01;ESPTF10-RL01SR01BG02;HIJO N2;BOMBA RODILLO INFERIOR;482604461;480820341
AJM01;ESPTF10-RL01SR01ME01;HIJO N2;MOTOR BOMBA RODILLO SUPERIOR;483496521;480820341
AJM01;ESPTF10-RL01SR01ME02;HIJO N2;MOTOR BOMBA RODILLO INFERIOR;484388581;480820341
AJM01;ESPTF10-RL01TP01    ;HIJO N1;TABLERO ELECTRICO (BOMBAS);485280641;473683861
AJM01;ESPTF10-TB01;PADRE;TABLET ;489071896;438893521
AJM01;ESPTF10-TE01;PADRE;TABLERO FUERZA ;486172701;438893521
AJM01;ESPTF10-TE01AA01;HIJO N1;AIRE ACONDICIONADO TABLERO ELECTRICO;487064761;486172701
AJM01;ESPTF10-TE02;PADRE;MICROPHASER ;487510791;438893521
AJM01;ESPTF10-TE02AA01;HIJO N1;AIRE ACONDICIONADO CTRL ELE FOR;487733806;487510791
AJM01;ESPTF10-TQ01        ;PADRE;TROQUELADORA ;489740941;438893521
AJM01;ESPTF10-TQ01ME01    ;HIJO N1;MOTOR CANOPY TROQUELADORA;490633001;489740941
AJM01;ESPTF10-TQ01ME02    ;HIJO N1;MOTOR TROQUEL TROQUELADORA;491525061;489740941
AJM01;ESPTF10-TQ01ME03    ;HIJO N1;MOTOR SERVOPICK TROQUELADORA;492417121;489740941
AJM01;ESPTF10-TQ01RD01    ;HIJO N1;REDUCTOR CANOPY TROQUELADORA;493309181;489740941
AJM01;ESPTF10-TQ01RD03    ;HIJO N1;REDUCTOR TROQUEL TROQUELADORA;494201241;489740941
AJM01;ESPTF10-TQ01TE01;HIJO N1;TABLERO DE FUERZA TROQUELADORA;495093301;489740941
AJM01;ESPTF10-TQ01TE02;HIJO N1;PANEL DE PULSADORES TROQUELADORA;495539331;489740941
AJM01;ESPTF11             ;LINEA;LINEA DE TERMOFORMADO 11;496877421;226583241
AJM01;ESPTF11-DE01        ;PADRE;DESEMBOBINADOR ;497769481;496877421
AJM01;ESPTF11-DE01ME01    ;HIJO N1;MOTOR DESEMBOBINADOR;498661541;497769481
AJM01;ESPTF11-DE01RD01    ;HIJO N1;REDUCTOR DESEMBOBINADOR;499553601;497769481
AJM01;ESPTF11-FM01        ;PADRE;FORMADORA ;500445661;496877421
AJM01;ESPTF11-FM01BV01    ;HIJO N1;BOMBA DE VACIO FORMADORA;501337721;500445661
AJM01;ESPTF11-FM01BV01ME01;HIJO N2;MOTOR BOMBA DE VACIO FORMADORA;502229781;501337721
AJM01;ESPTF11-FM01ME01    ;HIJO N1;MOTOR MOLDE SUP FORMADORA;503121841;500445661
AJM01;ESPTF11-FM01ME02;HIJO N1;MOTOR MOLDE INF FORMADORA;504013901;500445661
AJM01;ESPTF11-FM01ME03;HIJO N1;MOTOR DE LA CADENA TRANS LAMINA FORMADORA;504459931;500445661
AJM01;ESPTF11-FM01RD01    ;HIJO N1;REDUCTOR MOLDE SUP FORMADORA;504905961;500445661
AJM01;ESPTF11-FM01RD02    ;HIJO N1;REDUCTOR MOLDE INF FORMADORA;505798021;500445661
AJM01;ESPTF11-FM01SR01;HIJO N1;CIRCUITO DE AGUA MOKON MOKON FORMADORA;506690081;500445661
AJM01;ESPTF11-FM01SR01BG01;HIJO N2;BOMBA MOKON FORMADORA;507582141;506690081
AJM01;ESPTF11-FM01SR01BG02;HIJO N2;BOMBA MOKON FORMADORA;508474201;506690081
AJM01;ESPTF11-FM01SR01ME01;HIJO N2;MOTOR BOMBA MOKON FORMADORA;509366261;506690081
AJM01;ESPTF11-FM01SR01ME02;HIJO N2;MOTOR BOMBA MOKON FORMADORA;510258321;506690081
AJM01;ESPTF11-FM01SR01TE01;HIJO N2;CAJA DE CONEXIONES MOKON FORMADORA;510704351;506690081
AJM01;ESPTF11-FM01SR01TE02;HIJO N2;CAJA DE CONEXIONES MOKON FORMADORA;510927366;506690081
AJM01;ESPTF11-FM01TE01;HIJO N1;CAJA DE PASO ARRANQUE Y PARADA TRANS LAMINA FORMADORA;511038873;500445661
AJM01;ESPTF11-FM01TE02;HIJO N1;CAJA DE CONEXIONES IZQ TRANS LAMINA FORMADORA;511094627;500445661
AJM01;ESPTF11-FM01TE03;HIJO N1;CAJA DE CONEXIONES DER TRANS LAMINA FORMADORA;511122504;500445661
AJM01;ESPTF11-HF01        ;PADRE;HORNO ELECTRICO ;511150381;496877421
AJM01;ESPTF11-ML01;PADRE;MOLINO ;512934501;496877421
AJM01;ESPTF11-ML01ME01    ;HIJO N1;MOTOR MOLINO;513826561;512934501
AJM01;ESPTF11-ML01ME02    ;HIJO N1;MOTOR DEL BLOWER MOLINO;514718621;512934501
AJM01;ESPTF11-ML01RD01;HIJO N1;REDUCTOR MOLINO;515610681;512934501
AJM01;ESPTF11-TB01;PADRE;TABLET ;517840831;496877421
AJM01;ESPTF11-TE01;PADRE;TABLERO FUERZA ;518286861;496877421
AJM01;ESPTF11-TE01AA01;HIJO N1;AIRE ACONDICIONADO TABLERO ELECTRICO ELECTRICO;519178921;518286861
AJM01;ESPTF11-TE02;PADRE;MICROPHASER ;519624951;496877421
AJM01;ESPTF11-TE02AA01;HIJO N1;AIRE ACONDICIONADO MICROPHASER  CTRL ELE FOR;520740026;519624951
AJM01;ESPTF11-TQ01        ;PADRE;TROQUELADORA ;521855101;496877421
AJM01;ESPTF11-TQ01ME01    ;HIJO N1;MOTOR CANOPY TROQUELADORA;522747161;521855101
AJM01;ESPTF11-TQ01ME02    ;HIJO N1;MOTOR  TROQUELADORA;523639221;521855101
AJM01;ESPTF11-TQ01ME03    ;HIJO N1;MOTOR SERVOPICK TROQUELADORA;524531281;521855101
AJM01;ESPTF11-TQ01RD01    ;HIJO N1;REDUCTOR CANOPY TROQUELADORA;525423341;521855101
AJM01;ESPTF11-TQ01RD03    ;HIJO N1;REDUCTOR  TROQUELADORA;526315401;521855101
AJM01;ESPTF11-TQ01TE01;HIJO N1;TABLERO DE FUERZA TABLERO TROQUELADORA;527207461;521855101
AJM01;ESPTF11-TQ01TE02;HIJO N1;PANEL DE PULSADORES TABLERO TROQUELADORA;527653491;521855101
AJM01;ESPTF12             ;LINEA;LINEA DE TERMOFORMADO 12;528991581;226583241
AJM01;ESPTF12-DE01        ;PADRE;EXTRUCTURA DESBOBINADOR;529883641;528991581
AJM01;ESPTF12-DE01ME01    ;HIJO N1;MOTOR DESBOBINADOR;530775701;529883641
AJM01;ESPTF12-DE01RD01    ;HIJO N1;REDUCTOR DESBOBINADOR;531667761;529883641
AJM01;ESPTF12-FM01;PADRE;FORMADORA FORMADORA FORM  ;532559821;528991581
AJM01;ESPTF12-FM01BV01    ;HIJO N1;BOMBA DE VACIO B. VACIO FORM  ;533451881;532559821
AJM01;ESPTF12-FM01BV01ME01;HIJO N2;MOTOR B. VACIO FORM  ;534343941;533451881
AJM01;ESPTF12-FM01ME01    ;HIJO N1;MOTOR 1 PLACA SUP E INF FORM  ;535236001;532559821
AJM01;ESPTF12-FM01ME02    ;HIJO N1;MOTOR 2 PLACA SUP E INF FORM  ;536128061;532559821
AJM01;ESPTF12-FM01RD01    ;HIJO N1;REDUCTOR SUP PLACA SUP E INF FORM  ;537020121;532559821
AJM01;ESPTF12-FM01RD02    ;HIJO N1;REDUCTOR INF PLACA SUP E INF FORM  ;537912181;532559821
AJM01;ESPTF12-FM01SR01;HIJO N1;CIRCUITO DE AGUA MOKON REF MOKON FORM  ;538804241;532559821
AJM01;ESPTF12-FM01SR01BC01;HIJO N2;BOMBA MOKON REF MOKON FORM  ;539250271;538804241
AJM01;ESPTF12-FM01SR01BC02;HIJO N2;BOMBA MOKON REF MOKON FORM  ;539473286;538804241
AJM01;ESPTF12-FM01SR01ME01;HIJO N2;MOTOR REF MOKON FORM  ;541480421;538804241
AJM01;ESPTF12-FM01SR01ME02;HIJO N2;MOTOR REF MOKON FORM  ;542372481;538804241
AJM01;ESPTF12-FM01SR01TE01;HIJO N2;CAJA DE CONEXIONES REF MOKON FORM  ;542595496;538804241
AJM01;ESPTF12-FM01SR01TE02;HIJO N2;CAJA DE CONEXIONES REF MOKON FORM  ;542707003;538804241
AJM01;ESPTF12-HF01        ;PADRE;ESTRUCTURA HORNO HORN;543264541;528991581
AJM01;ESPTF12-HF01ME01;HIJO N1;MOTOR CADENA TRANS LAMINA HORN  ;544156601;543264541
AJM01;ESPTF12-HF01TE01;HIJO N1;CAJA DE PASO ARRANQUE Y PARADA TRANS LAMINA HORN  ;544602631;543264541
AJM01;ESPTF12-HF01TE02;HIJO N1;CAJA DE CONEXIONES IZQ TRANS LAMINA HORN  ;544825646;543264541
AJM01;ESPTF12-HF01TE03;HIJO N1;CAJA DE CONEXIONES DER TRANS LAMINA HORN  ;544937153;543264541
AJM01;ESPTF12-ML01;PADRE;CUERPO MOLINO;545048661;528991581
AJM01;ESPTF12-ML01ME01    ;HIJO N1;MOTOR MOLINO;545940721;545048661
AJM01;ESPTF12-ML01ME02    ;HIJO N1;MOTOR DEL BLOWER MOLINO;546832781;545048661
AJM01;ESPTF12-ML01RD01;HIJO N1;REDUCTOR MOLINO;547724841;545048661
AJM01;ESPTF12-SP02;PADRE;CUERPO MAC DUE SELL PRE ;542818511;528991581
AJM01;ESPTF12-SP02ME01;HIJO N1;MOTOR BRAZO EMPUJADOR MAC DUE SELL PRE ;542930018;542818511
AJM01;ESPTF12-SP02ME02;HIJO N1;MOTOR BANDA DESCARGUE MAC DUE SELL PRE ;542985772;542818511
AJM01;ESPTF12-SP02ME03;HIJO N1;MOTOR DESEMBOBINADOR MAC DUE SELL PRE ;543013649;542818511
AJM01;ESPTF12-SP02RD01;HIJO N1;REDUCTOR B. EMPUJADOR MAC DUE SELL PRE ;543208787;542818511
AJM01;ESPTF12-SP02RD02;HIJO N1;REDUCTOR B. DESCAGUE MAC DUE SELL PRE ;543236664;542818511
AJM01;ESPTF12-SP02RD03;HIJO N1;REDUCTOR DESBOBINADOR MAC DUE SELL PRE ;543257571;542818511
AJM01;ESPTF12-SP02TE01;HIJO N1;TABLERO PRINCIPAL MAC DUE SELL PRE ;543153033;542818511
AJM01;ESPTF12-SP02TE02;HIJO N1;CAJA PULSADORES MAC DUE SELL PRE ;543180910;542818511
AJM01;ESPTF12-TB01;PADRE;TABLET ;551516096;528991581
AJM01;ESPTF12-TE01;PADRE;TABLERO DRIVE TABLERO ELEC  ;550401021;528991581
AJM01;ESPTF12-TE01AA01;HIJO N1;AIRE ACONDICIONADO TABLERO ELEC  ;551293081;550401021
AJM01;ESPTF12-TE02;PADRE;DISPLAY MICROPHASER  CTRL ELE FOR;551739111;528991581
AJM01;ESPTF12-TE02AA01;HIJO N1;AIRE ACON. MICROPHASER  CTRL ELE FOR;552854186;551739111
AJM01;ESPTF12-TQ01        ;PADRE;CUERPO TROQUELADORA;553969261;528991581
AJM01;ESPTF12-TQ01ME01    ;HIJO N1;MOTOR CANOPY TROQ  ;554861321;553969261
AJM01;ESPTF12-TQ01ME02    ;HIJO N1;SERVOMOTOR TROQUEL TROQ  ;555753381;553969261
AJM01;ESPTF12-TQ01ME03    ;HIJO N1;MOTOR  SERVOPICK TROQ  ;556645441;553969261
AJM01;ESPTF12-TQ01RD01;HIJO N1;REDUCTOR CANOPY TROQ  ;557537501;553969261
AJM01;ESPTF12-TQ01RD02;HIJO N1;REDUCTOR TROQUEL TROQ  ;557983531;553969261
AJM01;ESPTF12-TQ01TE01;HIJO N1;TABLERO FUERZA TROQUEL;559321621;553969261
AJM01;ESPTF12-TQ01TE02;HIJO N1;CAJA DE PULSADORES TROQUEL TROQ  ;559767651;553969261
AJM01;ESPTF12-TQ01TE03;HIJO N1;PANEL DE PULSADORES  TROQUEL;560436696;553969261
AJM01;ESPTF13             ;LINEA;LINEA DE TERMOFORMADO 13;561105741;226583241
AJM01;ESPTF13-DE01        ;PADRE;CUERPO DESEMBOBINADOR DESBOBINADOR;561997801;561105741
AJM01;ESPTF13-DE01ME01    ;HIJO N1;MOTOR DESEMBOBINADOR DESBOBINADOR;562889861;561997801
AJM01;ESPTF13-DE01RD01    ;HIJO N1;REDUCTOR DESEMBOBINADOR DESBOBINADOR;563781921;561997801
AJM01;ESPTF13-FM01;PADRE;FORMADORA FORMADORA FORM  ;564673981;561105741
AJM01;ESPTF13-FM01BV01    ;HIJO N1;BOMBA DE VACIO FORMADORA FORM  ;565566041;564673981
AJM01;ESPTF13-FM01BV01ME01;HIJO N2;MOTOR BOMBA DE VACIO FORM  ;566458101;565566041
AJM01;ESPTF13-FM01ME01    ;HIJO N1;MOTOR 1 PLACA SUPERIOR E INFERIOR FORM  ;567350161;564673981
AJM01;ESPTF13-FM01ME02    ;HIJO N1;MOTOR 2 PLACA SUPERIOR E INFERIOR FORM  ;568242221;564673981
AJM01;ESPTF13-FM01RD01    ;HIJO N1;REDUCTOR SUP PLACA SUPERIOR E INFERIOR FORM  ;569134281;564673981
AJM01;ESPTF13-FM01RD02    ;HIJO N1;REDUCTOR INF PLACA SUPERIOR E INFERIOR FORM  ;570026341;564673981
AJM01;ESPTF13-FM01SR01;HIJO N1;CIRCUITO DE AUGA MOKON REF MOKON FORM  ;570918401;564673981
AJM01;ESPTF13-FM01SR01BC01;HIJO N2;BOMBA MOKON REF MOKON FORM  ;571364431;570918401
AJM01;ESPTF13-FM01SR01BC02;HIJO N2;BOMBA MOKON REF MOKON FORM  ;571587446;570918401
AJM01;ESPTF13-FM01SR01ME01;HIJO N2;MOTOR REF MOKON FORM  ;573594581;570918401
AJM01;ESPTF13-FM01SR01ME02;HIJO N2;MOTOR REF MOKON FORM  ;574486641;570918401
AJM01;ESPTF13-FM01SR01TE01;HIJO N2;CAJA DE CONEXIONES REF MOKON FORM  ;574709656;570918401
AJM01;ESPTF13-FM01SR01TE02;HIJO N2;CAJA DE CONEXIONES REF MOKON FORM  ;574821163;570918401
AJM01;ESPTF13-HF01        ;PADRE;ESTRUCTURA HORNO HORN;575378701;561105741
AJM01;ESPTF13-HF01ME01;HIJO N1;MOTOR CADENA HALADORES HORN  ;576270761;575378701
AJM01;ESPTF13-HF01TE01;HIJO N1;CAJA DE PASO ARRANQUE Y PARADA TRANS LAMINA HORN  ;576716791;575378701
AJM01;ESPTF13-HF01TE02;HIJO N1;CAJA DE CONEXIONES IZQ TRANS LAMINA HORN  ;576939806;575378701
AJM01;ESPTF13-HF01TE03;HIJO N1;CAJA DE CONEXIONES DER TRANS LAMINA HORN  ;577051313;575378701
AJM01;ESPTF13-ML01;PADRE;CUERPO MOLINO;577162821;561105741
AJM01;ESPTF13-ML01ME01    ;HIJO N1;MOTOR MOLINO MOLI  ;578054881;577162821
AJM01;ESPTF13-ML01ME02    ;HIJO N1;MOTOR DEL BLOWER MOLINO MOLI  ;578946941;577162821
AJM01;ESPTF13-ML01RD01;HIJO N1;REDUCTOR MOLINO;579839001;577162821
AJM01;ESPTF13-SP02;PADRE;CUERPO MAC DUE SELL PRE ;574932671;561105741
AJM01;ESPTF13-SP02ME01;HIJO N1;MOTOR BRAZO EMPUJADOR MAC DUE SELL PRE ;575044178;574932671
AJM01;ESPTF13-SP02ME02;HIJO N1;MOTOR BANDA DESCARGUE MAC DUE SELL PRE ;575099932;574932671
AJM01;ESPTF13-SP02ME03;HIJO N1;MOTOR DESEMBOBINADOR MAC DUE SELL PRE ;575127809;574932671
AJM01;ESPTF13-SP02RD01;HIJO N1;REDUCTOR B. EMPUJADOR MAC DUE SELL PRE ;575322947;574932671
AJM01;ESPTF13-SP02RD02;HIJO N1;REDUCTOR B. DESCAGUE MAC DUE SELL PRE ;575350824;574932671
AJM01;ESPTF13-SP02RD03;HIJO N1;REDUCTOR DESBOBINADOR MAC DUE SELL PRE ;575371731;574932671
AJM01;ESPTF13-SP02TE01;HIJO N1;TABLERO PRINCIPAL MAC DUE SELL PRE ;575267193;574932671
AJM01;ESPTF13-TB01;PADRE;TABLET ;582069151;561105741
AJM01;ESPTF13-TE01;PADRE;TABLERO DRIVE TABLERO PRINCIPAL ELEC  ;582515181;561105741
AJM01;ESPTF13-TE01AA01;HIJO N1;AIRE ACONDICIONADO TABLERO PRINCIPAL ELEC  ;583407241;582515181
AJM01;ESPTF13-TE02;PADRE;DISPLAY MICROPHASER  CTRL ELE FOR;583853271;561105741
AJM01;ESPTF13-TE02AA01;HIJO N1;AIRE ACONDICIONADO MICROPHASER  CTRL ELE FOR;584522316;583853271
AJM01;ESPTF13-TQ01        ;PADRE;CUERPO TROQUELADORA TROQ  ;585191361;561105741
AJM01;ESPTF13-TQ01ME01    ;HIJO N1;MOTOR CANOPY TROQ  ;586083421;585191361
AJM01;ESPTF13-TQ01ME02    ;HIJO N1;SERVOMOTOR TROQUEL TROQ  ;586975481;585191361
AJM01;ESPTF13-TQ01ME03;HIJO N1;MOTOR  SERVOPICK TROQ  ;587867541;585191361
AJM01;ESPTF13-TQ01RD03    ;HIJO N1;REDUCTOR TROQUEL TROQ  ;589651661;585191361
AJM01;ESPTF13-TQ01RD04;HIJO N1;REDUCTOR TROQUEL TROQ  ;590543721;585191361
AJM01;ESPTF13-TQ01TE01;HIJO N1;CAJA DE PULSADORES TROQUEL TROQ  ;590989751;585191361
AJM01;ESPTF13-TQ01TE02;HIJO N1;TABLERO DE FUERZA TABLERO DE FUERZA TROQ  ;591212766;585191361
AJM01;ESPTF13-TQ01TE03;HIJO N1;PANEL DE PULSADORES TABLERO DE FUERZA TROQ  ;591324273;585191361
AJM01;ESPTF14             ;LINEA;LINEA DE TERMOFORMADO 14;592327841;226583241
AJM01;ESPTF14-DE01        ;PADRE;DESEMBOBINADOR ;593219901;592327841
AJM01;ESPTF14-DE01ME01    ;HIJO N1;MOTOR PRINCIPAL DESEMBOBINADOR;594111961;593219901
AJM01;ESPTF14-DE01ME02;HIJO N1;MOTOR ELECTRICO DESEMBOBINADOR;595004021;593219901
AJM01;ESPTF14-DE01MN01;HIJO N1;MOTOR NEUMAT DESEMBOBINADOR;595450051;593219901
AJM01;ESPTF14-DE01RD01    ;HIJO N1;REDUCTOR PPAL DESEMBOBINADOR;595896081;593219901
AJM01;ESPTF14-DE01RD02    ;HIJO N1;REDUCTOR DESEMBOBINADOR;596788141;593219901
AJM01;ESPTF14-FM01        ;PADRE;TERMOFORMADORA ;597680201;592327841
AJM01;ESPTF14-FM01BV01    ;HIJO N1;BOMBA 1 VACIO FORM  ;598572261;597680201
AJM01;ESPTF14-FM01BV01ME01;HIJO N2;MOTOR BOMBA 1 VACIO FORM  ;599464321;598572261
AJM01;ESPTF14-FM01BV02    ;HIJO N1;BOMBA 2 VACIO FORM  ;600356381;597680201
AJM01;ESPTF14-FM01BV02ME01;HIJO N2;MOTOR BOMBA 2 VACIO FORM  ;601248441;600356381
AJM01;ESPTF14-FM01ME01    ;HIJO N1;MOTOR MOLDE SUP E INF FORM  ;602140501;597680201
AJM01;ESPTF14-FM01ME02    ;HIJO N1;MOTOR MOLDE SUP E INF FORM  ;603032561;597680201
AJM01;ESPTF14-FM01RD01    ;HIJO N1;REDUCTOR MOLDE SUP E INF FORM  ;603924621;597680201
AJM01;ESPTF14-FM01RD02    ;HIJO N1;REDUCTOR MOLDE SUP E INF FORM  ;604816681;597680201
AJM01;ESPTF14-FM01SR01    ;HIJO N1;CIRCUITO DE AGUA MOKON FORM  ;605708741;597680201
AJM01;ESPTF14-FM01SR01BG01;HIJO N2;BOMBA 1 MOKON FORM  ;606600801;605708741
AJM01;ESPTF14-FM01SR01BG02;HIJO N2;BOMBA 2 MOKON FORM  ;607492861;605708741
AJM01;ESPTF14-FM01SR01BG03;HIJO N2;BOMBA REF. RIELES MOKON FORM  ;608384921;605708741
AJM01;ESPTF14-FM01SR01ME01;HIJO N2;MOTOR MOKON FORM  ;609276981;605708741
AJM01;ESPTF14-FM01SR01ME02;HIJO N2;MOTOR MOKON FORM  ;610169041;605708741
AJM01;ESPTF14-FM01SR01ME03;HIJO N2;MOTOR REFRIGERACION MOKON FORM  ;611061101;605708741
AJM01;ESPTF14-FM01SR01TE01;HIJO N2;CAJA DE CONEXIONES MOKON FORM  ;611507131;605708741
AJM01;ESPTF14-FM01SR01TE02;HIJO N2;CAJA DE CONEXIONES MOKON FORM  ;611730146;605708741
AJM01;ESPTF14-HF01        ;PADRE;HORNO ELECTRICO ;611953161;592327841
AJM01;ESPTF14-HF01ME01    ;HIJO N1;MOTOR CADENA LAMINA HORN  ;612845221;611953161
AJM01;ESPTF14-ML01        ;PADRE;MOLINO PRINCIPAL ;613737281;592327841
AJM01;ESPTF14-ML01ME01    ;HIJO N1;MOTOR MOLINO TROQ  ;614629341;613737281
AJM01;ESPTF14-ML01ME02    ;HIJO N1;MOTOR DEL BLOWER MOLINO TROQ  ;615521401;613737281
AJM01;ESPTF14-ML01RD01    ;HIJO N1;REDUCTOR MOLINO TROQ  ;616413461;613737281
AJM01;ESPTF14-SP01;PADRE;HUGO BECK ;617305521;592327841
AJM01;ESPTF14-SP01BT01;HIJO N1;BANDA PLASTICA CURVA H. BECK;617751551;617305521
AJM01;ESPTF14-SP01BT01ME01;HIJO N2;MOTOR CURVA H. BECK;617974566;617751551
AJM01;ESPTF14-SP01BT01RD01;HIJO N2;REDUCTOR CURVA H. BECK;618086073;617751551
AJM01;ESPTF14-SP01BT02;HIJO N1;BANDAS CONVEYOR ROD H. BECK;618141827;617305521
AJM01;ESPTF14-SP01BT02ME02;HIJO N2;MOTOR CONVEYOR ROD H. BECK;618169704;618141827
AJM01;ESPTF14-SP01BT02RD01;HIJO N2;REDUCTOR CONVEYOR ROD H. BECK;618183642;618141827
AJM01;ESPTF14-SP01BT03;HIJO N1;BANDA ALIMENTACION H. BECK;618190611;617305521
AJM01;ESPTF14-SP01BT03ME01;HIJO N2;SERVOTOR ALIMENTACION H. BECK;618194096;618190611
AJM01;ESPTF14-SP01BT03RD01;HIJO N2;REDUCTOR ALIMENTACION H. BECK;618195838;618190611
AJM01;ESPTF14-SP01BT04ME01;HIJO N2;MOTOR SERVOALIMENTADORA H. BECK;623995099;618190611
AJM01;ESPTF14-SP01BT04RD01;HIJO N2;REDUCTOR SERVOALIMENT. H. BECK;626894730;618190611
AJM01;ESPTF14-SP01BT05ME02;HIJO N2;MOTOR PALETAS H. BECK;628344545;618190611
AJM01;ESPTF14-SP01BT05RD01;HIJO N2;REDUCTOR PALETAS H. BECK;629069453;618190611
AJM01;ESPTF14-SP01BT06;HIJO N1;REDUCTOR SELLADORA H. BECK;629431907;617305521
AJM01;ESPTF14-SP01BT06ME01;HIJO N2;MOTOR SISTEMA DE VACIO H. BECK;629613134;629431907
AJM01;ESPTF14-SP01BT06ME02;HIJO N2;MOTOR BANDA DE VACIO  H. BECK;629703747;629431907
AJM01;ESPTF14-SP01BT07;HIJO N1;BANDA DE SALIDA  H. BECK;629749054;617305521
AJM01;ESPTF14-SP01BT07ME01;HIJO N2;MOTOR BANDA DE SALIDA H. BECK;629771707;629749054
AJM01;ESPTF14-SP01BT07RD01;HIJO N2;REDUCTOR BANDA DE SALIDA H. BECK;629783034;629749054
AJM01;ESPTF14-SP01DE01    ;HIJO N1;RODILLOS DES PELICULA H. BECK;629794361;617305521
AJM01;ESPTF14-SP01DE01ME01;HIJO N2;MOTOR DES PELICULA H. BECK;630686421;629794361
AJM01;ESPTF14-SP01DE01RD01;HIJO N2;REDUCTOR DES PELICULA H. BECK;631578481;629794361
AJM01;ESPTF14-SP01ME01    ;HIJO N1;MOTOR BANDA DE DESCARGUE H. BECK;632470541;617305521
AJM01;ESPTF14-SP01ME02    ;HIJO N1;SERVOTOR SELLADO TRASV H. BECK;633362601;617305521
AJM01;ESPTF14-SP01ME03;HIJO N1;MOTOR SCRAP H. BECK;634254661;617305521
AJM01;ESPTF14-SP01ME04;HIJO N1;MOTOR SELLADO LATERAL H. BECK;634700691;617305521
AJM01;ESPTF14-SP01RD01    ;HIJO N1;REDUCTOR B. DESCARGUE H. BECK;635146721;617305521
AJM01;ESPTF14-SP01RD02    ;HIJO N1;REDUCTOR SCRAP H. BECK;636038781;617305521
AJM01;ESPTF14-SP01TE01;HIJO N1;TABLERO DE FUERZA  H. BECK;636930841;617305521
AJM01;ESPTF14-SP01TE01AA01;HIJO N2;AIRE ACONDICIONADO  H. BECK;637822901;636930841
AJM01;ESPTF14-SP01TE02;HIJO N1;TABLERO PRINCIPAL  H. BECK;638268931;617305521
AJM01;ESPTF14-SR01;PADRE;FRIGEL ;638937976;592327841
AJM01;ESPTF14-TB01;PADRE;TABLET;639272498;592327841
AJM01;ESPTF14-TE01;PADRE;TABLERO FUERZA ;639607021;592327841
AJM01;ESPTF14-TE01AA01;HIJO N1;AIRE ACONDICIONADO  TABLERO;640499081;639607021
AJM01;ESPTF14-TE02;PADRE;COMPUTADOR ;640945111;592327841
AJM01;ESPTF14-TQ01;PADRE;TROQUELADORA ;642283201;592327841
AJM01;ESPTF14-TQ01BT01;HIJO N1;CONVEYOR-TROQUELADORA  TROQ  ;642729231;642283201
AJM01;ESPTF14-TQ01BT01ME01;HIJO N2;MOTOR 1 CONVEYOR  TROQ  ;642952246;642729231
AJM01;ESPTF14-TQ01BT01ME02;HIJO N2;MOTOR 2 CONVEYOR  TROQ  ;643063753;642729231
AJM01;ESPTF14-TQ01ME01    ;HIJO N1;MOTOR CANOPY TROQ  ;645851441;642283201
AJM01;ESPTF14-TQ01ME02    ;HIJO N1;MOTOR TROQUEL TROQ  ;646743501;642283201
AJM01;ESPTF14-TQ01ME03    ;HIJO N1;MOTOR SERVOPICK TROQ  ;647635561;642283201
AJM01;ESPTF14-TQ01ME04    ;HIJO N1;MOTOR CONVEYOR TROQ  ;648527621;642283201
AJM01;ESPTF14-TQ01RD01;HIJO N1;REDUCTOR CANOPY TROQ  ;649419681;642283201
AJM01;ESPTF14-TQ01RD02;HIJO N1;REDUCTOR A TROQUEL TROQ  ;649865711;642283201
AJM01;ESPTF14-TQ01RD03;HIJO N1;REDUCTOR B TROQUEL TROQ  ;650311741;642283201
AJM01;ESPTF14-TQ01TE01;HIJO N1;TABLERO CONTROL TROQUEL  TROQ  ;650757771;642283201
AJM01;ESPTF14-TQ01TE02;HIJO N1;PANEL DE PULSADORES  TROQ  ;650980786;642283201
AJM01;ESPTF14-TQ02;PADRE;TROQUELADORA ;651649831;592327841
AJM01;ESPTF14-TQ02ME01;HIJO N1;MOTOR DEL CANOPY  TROQ  BROWN;651872846;651649831
AJM01;ESPTF14-TQ02ME02;HIJO N1;MOTOR DEL SERVOPICK  TROQ  BROWN;652040107;651649831
AJM01;ESPTF14-TQ02ME03;HIJO N1;MOTOR DEL TROQUEL  TROQ  BROWN;652081922;651649831
AJM01;ESPTF14-TQ02RD01;HIJO N1;REDUCTOR DEL CANOPY  TROQ  BROWN;651984353;651649831
AJM01;ESPTF14-TQ02RD02;HIJO N1;REDUCTOR  TROQ  BROWN;652067984;651649831
AJM01;ESPTF14-TQ02TE02;HIJO N1;TABLERO DE FUERZA TQ BROWN ;652088891;651649831
AJM01;ESPTF14-TQ02TE03;HIJO N1;PANEL DE PULSADORES  TROQ  BROWN;652092376;651649831
AJM01;ESPTF15             ;LINEA;LINEA DE TERMOFORMADO 15;652095861;226583241
AJM01;ESPTF15-DE01        ;PADRE;DESEMBOBINADOR ;652681275;652095861
AJM01;ESPTF15-DE01ME01    ;HIJO N1;MOTOR PRINCIPAL DESEMBOBINADOR;653266689;652681275
AJM01;ESPTF15-DE01ME02;HIJO N1;MOTOR ELECTRICO DESEMBOBINADOR;653852103;652681275
AJM01;ESPTF15-DE01MN01;HIJO N1;MOTOR NEUMAT DESEMBOBINADOR;654144810;652681275
AJM01;ESPTF15-DE01RD01    ;HIJO N1;REDUCTOR PPAL DESEMBOBINADOR;654437517;652681275
AJM01;ESPTF15-DE01RD02    ;HIJO N1;REDUCTOR DESEMBOBINADOR;655022931;652681275
AJM01;ESPTF15-FM01        ;PADRE;TERMOFORMADORA ;655608345;652095861
AJM01;ESPTF15-FM01BV01    ;HIJO N1;BOMBA 1 VACIO FORM  ;656193759;655608345
AJM01;ESPTF15-FM01BV01ME01;HIJO N2;MOTOR BOMBA 1 VACIO FORM  ;656779173;656193759
AJM01;ESPTF15-FM01BV02    ;HIJO N1;BOMBA 2 VACIO FORM  ;657364587;655608345
AJM01;ESPTF15-FM01BV02ME01;HIJO N2;MOTOR BOMBA 2 VACIO FORM  ;657950001;657364587
AJM01;ESPTF15-FM01ME01    ;HIJO N1;MOTOR MOLDE SUP E INF FORM  ;658535415;655608345
AJM01;ESPTF15-FM01ME02    ;HIJO N1;MOTOR MOLDE SUP E INF FORM  ;659120829;655608345
AJM01;ESPTF15-FM01RD01    ;HIJO N1;REDUCTOR MOLDE SUP E INF FORM  ;659706243;655608345
AJM01;ESPTF15-FM01RD02    ;HIJO N1;REDUCTOR MOLDE SUP E INF FORM  ;660291657;655608345
AJM01;ESPTF15-FM01SR01    ;HIJO N1;CIRCUITO DE AGUA MOKON FORM  ;660877071;655608345
AJM01;ESPTF15-FM01SR01BG01;HIJO N2;BOMBA 1 MOKON FORM  ;661462485;660877071
AJM01;ESPTF15-FM01SR01BG02;HIJO N2;BOMBA 2 MOKON FORM  ;662047899;660877071
AJM01;ESPTF15-FM01SR01BG03;HIJO N2;BOMBA REF. RIELES MOKON FORM  ;662633313;660877071
AJM01;ESPTF15-FM01SR01ME01;HIJO N2;MOTOR MOKON FORM  ;663218727;660877071
AJM01;ESPTF15-FM01SR01ME02;HIJO N2;MOTOR MOKON FORM  ;663804141;660877071
AJM01;ESPTF15-FM01SR01ME03;HIJO N2;MOTOR REFRIGERACION MOKON FORM  ;664389555;660877071
AJM01;ESPTF15-FM01SR01TE01;HIJO N2;CAJA DE CONEXIONES MOKON FORM  ;664682262;660877071
AJM01;ESPTF15-FM01SR01TE02;HIJO N2;CAJA DE CONEXIONES MOKON FORM  ;664828615;660877071
AJM01;ESPTF15-HF01        ;PADRE;HORNO ELECTRICO ;664974969;652095861
AJM01;ESPTF15-HF01ME01    ;HIJO N1;MOTOR CADENA LAMINA HORN  ;665560383;664974969
AJM01;ESPTF15-ML01;PADRE;MOLINO PRINCIPAL ;666145797;652095861
AJM01;ESPTF15-ML01ME01    ;HIJO N1;MOTOR MOLINO TROQ  ;666731211;666145797
AJM01;ESPTF15-ML01ME02    ;HIJO N1;MOTOR DEL BLOWER MOLINO TROQ  ;667316625;666145797
AJM01;ESPTF15-ML01RD01;HIJO N1;REDUCTOR MOLINO TROQ  ;667902039;666145797
AJM01;ESPTF15-SP01        ;PADRE;HUGO BECK ;676683249;652095861
AJM01;ESPTF15-SP01BT01;HIJO N1;BANDA PLASTICA CURVA H. BECK;676975956;676683249
AJM01;ESPTF15-SP01BT01ME01;HIJO N2;MOTOR CURVA H. BECK;677122309;676975956
AJM01;ESPTF15-SP01BT01RD01;HIJO N2;REDUCTOR CURVA H. BECK;677195486;676975956
AJM01;ESPTF15-SP01BT02;HIJO N1;BANDAS CONVEYOR ROD H. BECK;677232074;676683249
AJM01;ESPTF15-SP01BT02ME02;HIJO N2;MOTOR CONVEYOR ROD H. BECK;677250368;677232074
AJM01;ESPTF15-SP01BT02RD01;HIJO N2;REDUCTOR CONVEYOR ROD H. BECK;677259515;677232074
AJM01;ESPTF15-SP01BT03;HIJO N1;BANDA ALIMENTACION H. BECK;677264089;676683249
AJM01;ESPTF15-SP01BT03ME01;HIJO N2;SERVOTOR ALIMENTACION H. BECK;677266376;677264089
AJM01;ESPTF15-SP01BT03RD01;HIJO N2;REDUCTOR ALIMENTACION H. BECK;677267519;677264089
AJM01;ESPTF15-SP01BT04ME01;HIJO N2;MOTOR SERVOALIMENTADORA H. BECK;677268091;677264089
AJM01;ESPTF15-SP01BT04RD01;HIJO N2;REDUCTOR SERVOALIMENT. H. BECK;677268377;677264089
AJM01;ESPTF15-SP01BT05ME02;HIJO N2;MOTOR PALETAS H. BECK;677268520;677264089
AJM01;ESPTF15-SP01BT05RD01;HIJO N2;REDUCTOR PALETAS H. BECK;677268591;677264089
AJM01;ESPTF15-SP01BT06;HIJO N1;REDUCTOR SELLADORA H. BECK;677268627;676683249
AJM01;ESPTF15-SP01BT06ME01;HIJO N2;MOTOR SISTEMA DE VACIO H. BECK;677268645;677268627
AJM01;ESPTF15-SP01BT06ME02;HIJO N2;MOTOR BANDA DE VACIO  H. BECK;677268654;677268627
AJM01;ESPTF15-SP01BT07;HIJO N1;BANDA DE SALIDA  H. BECK;677268658;676683249
AJM01;ESPTF15-SP01BT07ME01;HIJO N2;MOTOR BANDA DE SALIDA H. BECK;677268660;677268658
AJM01;ESPTF15-SP01BT07RD01;HIJO N2;REDUCTOR BANDA DE SALIDA H. BECK;677268661;677268658
AJM01;ESPTF15-SP01DE01    ;HIJO N1;RODILLOS DES PELICULA H. BECK;684879045;676683249
AJM01;ESPTF15-SP01DE01ME01;HIJO N2;MOTOR DES PELICULA H. BECK;685464459;684879045
AJM01;ESPTF15-SP01DE01RD01;HIJO N2;REDUCTOR DES PELICULA H. BECK;686049873;684879045
AJM01;ESPTF15-SP01ME01    ;HIJO N1;MOTOR BANDA DE DESCARGUE H. BECK;686635287;676683249
AJM01;ESPTF15-SP01ME02    ;HIJO N1;SERVOTOR SELLADO TRASV H. BECK;687220701;676683249
AJM01;ESPTF15-SP01ME03;HIJO N1;MOTOR SCRAP H. BECK;687806115;676683249
AJM01;ESPTF15-SP01ME04;HIJO N1;MOTOR SELLADO LATERAL H. BECK;688098822;676683249
AJM01;ESPTF15-SP01RD01    ;HIJO N1;REDUCTOR B. DESCARGUE H. BECK;688391529;676683249
AJM01;ESPTF15-SP01RD02    ;HIJO N1;REDUCTOR SCRAP H. BECK;688976955;676683249
AJM01;ESPTF15-SP01TE01;HIJO N1;TABLERO DE FUERZA  H. BECK;689269668;676683249
AJM01;ESPTF15-SP01TE01AA01;HIJO N2;AIRE ACONDICIONADO  H. BECK;689416024;689269668
AJM01;ESPTF15-SP01TE02;HIJO N1;TABLERO PRINCIPAL  H. BECK;689452613;676683249
AJM01;ESPTF15-SR01;PADRE;FRIGEL ;668194746;652095861
AJM01;ESPTF15-TB01;PADRE;TABLET;668341099;652095861
AJM01;ESPTF15-TE01        ;PADRE;TABLERO FUERZA ;668487453;652095861
AJM01;ESPTF15-TE01AA01    ;HIJO N1;AIRE ACONDICIONADO  TABLERO;669072867;668487453
AJM01;ESPTF15-TE02;PADRE;COMPUTADOR ;669658281;652095861
AJM01;ESPTF15-TQ01        ;PADRE;TROQUELADORA ;670243695;652095861
AJM01;ESPTF15-TQ01BT01;HIJO N1;CONVEYOR-TROQUELADORA  TROQ  ;670536402;670243695
AJM01;ESPTF15-TQ01BT01ME01;HIJO N2;MOTOR 1 CONVEYOR  TROQ  ;670682755;670536402
AJM01;ESPTF15-TQ01BT01ME02;HIJO N2;MOTOR 2 CONVEYOR  TROQ  ;670755932;670536402
AJM01;ESPTF15-TQ01ME01    ;HIJO N1;MOTOR CANOPY TROQ  ;672585351;670243695
AJM01;ESPTF15-TQ01ME02    ;HIJO N1;MOTOR TROQUEL TROQ  ;673170765;670243695
AJM01;ESPTF15-TQ01ME03    ;HIJO N1;MOTOR SERVOPICK TROQ  ;673756179;670243695
AJM01;ESPTF15-TQ01ME04    ;HIJO N1;MOTOR CONVEYOR TROQ  ;674341593;670243695
AJM01;ESPTF15-TQ01RD01;HIJO N1;REDUCTOR CANOPY TROQ  ;674927007;670243695
AJM01;ESPTF15-TQ01RD02;HIJO N1;REDUCTOR A TROQUEL TROQ  ;675219714;670243695
AJM01;ESPTF15-TQ01RD03    ;HIJO N1;REDUCTOR B TROQUEL TROQ  ;675512421;670243695
AJM01;ESPTF15-TQ01TE01;HIJO N1;TABLERO CONTROL TROQUEL  TROQ  ;676097835;670243695
AJM01;ESPTF15-TQ01TE02;HIJO N1;PANEL DE PULSADORES  TROQ  ;676390542;670243695
AJM01;ESPTF16             ;LINEA;LINEA DE TERMOFORMADO 16;689562381;226583241
AJM01;ESPTF16-DE01        ;PADRE;CUERPO DESEMBOBINADOR DESBOBINADOR;690454441;689562381
AJM01;ESPTF16-DE01ME01;HIJO N1;MOTOR ELECTRICO DESEMBOBINADOR DESBOBINADOR;691346501;690454441
AJM01;ESPTF16-DE01ME02;HIJO N1;MOTOR ELECTRICO DESEMBOBINADOR DESBOBINADOR;691792531;690454441
AJM01;ESPTF16-DE01RD01;HIJO N1;REDUCTOR DESEMBOBINADOR DESBOBINADOR;692238561;690454441
AJM01;ESPTF16-DE01RD02;HIJO N1;REDUCTOR DESEMBOBINADOR DESBOBINADOR;692684591;690454441
AJM01;ESPTF16-DE01TE01;HIJO N1;CAJA PULSADORES PORTA ROLLO DESEMBOBINADOR DESBOBINADOR;692907606;690454441
AJM01;ESPTF16-DE01TE02;HIJO N1;BREAKER PORTA ROLLO DESEMBOBINADOR DESBOBINADOR;693019113;690454441
AJM01;ESPTF16-DE01TE03;HIJO N1;CAJA DE PASO DESEMBOBINADOR DESBOBINADOR;693074867;690454441
AJM01;ESPTF16-DE01TE04;HIJO N1;CAJA DE CONEXIONES DESEMBOBINADOR DESBOBINADOR;693102744;690454441
AJM01;ESPTF16-DE01TE05;HIJO N1;CAJA DE PASO ARRANQUE Y PARADA DESEMBOBINADOR HORN  ;693116682;690454441
AJM01;ESPTF16-FM01;PADRE;FORMADORA FORMADORA FORM  ;693130621;689562381
AJM01;ESPTF16-FM01BV01;HIJO N1;BOMBA DE VACIO BOMBA DE VACIO FORM  ;694022681;693130621
AJM01;ESPTF16-FM01BV01ME01;HIJO N2;MOTOR BOMBA DE VACIO FORM  ;694914741;694022681
AJM01;ESPTF16-FM01ME01    ;HIJO N1;MOTOR 1 PLACA SUP E INF FORM  ;697590921;693130621
AJM01;ESPTF16-FM01ME02    ;HIJO N1;MOTOR 2 PLACA SUP E INF FORM  ;698482981;693130621
AJM01;ESPTF16-FM01RD01    ;HIJO N1;REDUCTOR SUP PLACA SUP E INF FORM  ;699375041;693130621
AJM01;ESPTF16-FM01RD02    ;HIJO N1;REDUCTOR INF PLACA SUP E INF FORM  ;700267101;693130621
AJM01;ESPTF16-FM01SR01;HIJO N1;CIRCUITO DE AUGA MOKON;701159161;693130621
AJM01;ESPTF16-FM01SR01BC01;HIJO N2;BOMBA MOKON REF MOKON FORM  ;701605191;701159161
AJM01;ESPTF16-FM01SR01BC02;HIJO N2;BOMBA MOKON REF MOKON FORM  ;702274236;701159161
AJM01;ESPTF16-FM01SR01BC03;HIJO N2;BOMBA MOKON BOMBA MOKON FORM  ;703054788;701159161
AJM01;ESPTF16-FM01SR01ME01;HIJO N2;MOTOR REF MOKON FORM  ;703835341;701159161
AJM01;ESPTF16-FM01SR01ME02;HIJO N2;MOTOR REF MOKON FORM  ;704727401;701159161
AJM01;ESPTF16-FM01SR01ME03;HIJO N2;MOTOR REF MOKON FORM  ;704838908;701159161
AJM01;ESPTF16-FM01SR01TE01;HIJO N2;CAJA DE CONEXIONES REF MOKON FORM  ;704894662;701159161
AJM01;ESPTF16-FM01SR01TE02;HIJO N2;CAJA DE CONEXIONES REF MOKON FORM  ;704922539;701159161
AJM01;ESPTF16-FM01SR01TE03;HIJO N2;CAJA DE CONEXIONES REF MOKON FORM  ;704936477;701159161
AJM01;ESPTF16-FM01SR02;HIJO N1;FRIGEL FRIGEL FORM  ;704943446;693130621
AJM01;ESPTF16-FM01SR02BC01;HIJO N2;BOMBA 1 FRIGEL FORM  ;704946931;704943446
AJM01;ESPTF16-FM01SR02BC02;HIJO N2;BOMBA 2 FRIGEL FORM  ;704948673;704943446
AJM01;ESPTF16-FM01SR02ME01;HIJO N2;MOTOR 1 FRIGEL FORM  ;704949544;704943446
AJM01;ESPTF16-FM01SR02ME02;HIJO N2;MOTOR 2 FRIGEL FORM  ;704949980;704943446
AJM01;ESPTF16-FM01SR02TE01;HIJO N2;PANEL DE CONTROL FRIGEL FORM  ;704950198;704943446
AJM01;ESPTF16-HF01        ;PADRE;ESTRUCTURA HORNO HORN;705619461;689562381
AJM01;ESPTF16-HF01ME01;HIJO N1;MOTOR CADENA TRANS LAMINA HORN  ;706511521;705619461
AJM01;ESPTF16-HF01TE01;HIJO N1;CAJA DE CONEXIONES IZQ TRANS LAMINA HORN  ;706957551;705619461
AJM01;ESPTF16-HF01TE02;HIJO N1;CAJA DE CONEXIONES DER TRANS LAMINA HORN  ;707180566;705619461
AJM01;ESPTF16-ML01;PADRE;CUERPO MOLINO;707403581;689562381
AJM01;ESPTF16-ML01ME01    ;HIJO N1;MOTOR MOLINO MOLI  ;708295641;707403581
AJM01;ESPTF16-ML01ME02    ;HIJO N1;MOTOR DEL BLOWER MOLINO MOLI  ;709187701;707403581
AJM01;ESPTF16-ML01RD01;HIJO N1;REDUCTOR MOLINO;710079761;707403581
AJM01;ESPTF16-SP01;PADRE;SELLADORA VERTICAL SELLADORA VERTICAL SELL PRE ;705173431;689562381
AJM01;ESPTF16-SP01TE01;HIJO N1;TABLERO ELÉCTRICO SELLADORA VERTICAL SELL PRE ;705507953;705173431
AJM01;ESPTF16-SP02;PADRE;MAC DUE MAC DUE SELL PRE ;705563707;689562381
AJM01;ESPTF16-SP02ME01;HIJO N1;MOTOR BRAZO EMPUJADOR MAC DUE SELL PRE ;705591584;705563707
AJM01;ESPTF16-SP02ME02;HIJO N1;MOTOR BANDA DESCARGUE MAC DUE SELL PRE ;705605522;705563707
AJM01;ESPTF16-SP02ME03;HIJO N1;MOTOR DESEMBOBINADOR MAC DUE SELL PRE ;705612491;705563707
AJM01;ESPTF16-SP02RD01;HIJO N1;REDUCTOR B. EMPUJADOR MAC DUE SELL PRE ;705615976;705563707
AJM01;ESPTF16-SP02RD02;HIJO N1;REDUCTOR B. DESCAGUE MAC DUE SELL PRE ;705617718;705563707
AJM01;ESPTF16-SP02RD03;HIJO N1;REDUCTOR DESBOBINADOR MAC DUE SELL PRE ;705618589;705563707
AJM01;ESPTF16-SP02TE01;HIJO N1;TABLERO PRINCIPAL MAC DUE SELL PRE ;705619025;705563707
AJM01;ESPTF16-SP02TE02;HIJO N1;PULSADORES MAC DUE SELL PRE ;705619243;705563707
AJM01;ESPTF16-TB01;PADRE;TABLET ;710525791;689562381
AJM01;ESPTF16-TE01;PADRE;TABLERO DRIVE TABLERO DE CONTROL ELEC  ;710971821;689562381
AJM01;ESPTF16-TE01AA01;HIJO N1;AIRE ACONDICIONADO TABLERO DE CONTROL ELEC  ;711863881;710971821
AJM01;ESPTF16-TE02;PADRE;COMPUTADOR MICROPHASER  CTRL ELE FOR;712309911;689562381
AJM01;ESPTF16-TE02AA01;HIJO N1;AIRE ACON. MICROPHASER  CTRL ELE FOR;712978956;712309911
AJM01;ESPTF16-TQ01        ;PADRE;CUERPO TROQUELADORA TROQ  ;713648001;689562381
AJM01;ESPTF16-TQ01ME01    ;HIJO N1;MOTOR CANOPY TROQ  ;714540061;713648001
AJM01;ESPTF16-TQ01ME02    ;HIJO N1;SERVOMOTOR TROQUEL TROQ  ;715432121;713648001
AJM01;ESPTF16-TQ01ME03;HIJO N1;MOTOR  SERVOPICK TROQ  ;716324181;713648001
AJM01;ESPTF16-TQ01RD03    ;HIJO N1;REDUCTOR LEFT TROQUEL TROQ  ;718108301;713648001
AJM01;ESPTF16-TQ01RD04;HIJO N1;REDUCTOR RIGH TROQUEL TROQ  ;719000361;713648001
AJM01;ESPTF16-TQ01TE01;HIJO N1;CAJA DE PULSADORES TROQUEL TROQ  ;719446391;713648001
AJM01;ESPTF16-TQ01TE02;HIJO N1;TABLERO DE FUERZA TABLERO DE FUERZA TROQ  ;719669406;713648001
AJM01;ESPTF16-TQ01TP01    ;HIJO N1;PANEL DE PULSADORES TABLERO DE FUERZA TROQ  ;719892421;713648001